{"current":{"purchase_code":"","favicon":"shopify:\/\/shop_images\/shopping-bag.png","container_width":1170,"container_fluid_width":1620,"container_fluid_offset":65,"use_custom_font_body":true,"custom_body_font":"https:\/\/cdn.shopify.com\/s\/files\/1\/0695\/5719\/0872\/files\/iranyekanwebregular.ttf?v=1718186608","type_base_size":18,"use_custom_font_heading":true,"custom_heading_font":"https:\/\/cdn.shopify.com\/s\/files\/1\/0695\/5719\/0872\/files\/iranyekanwebregular.ttf?v=1718186608","bg_cart_wishlist_count":"#da3f3f","img_overlay_opacity":20,"spacing_sections":0,"spacing_sections_mobile":0,"loading_size":50,"loading_color":"#000000","animations":"fade-in-up","pcard_layout":"5","pcard_alignment":"left","on_sale_badge":"show_text","show_badge_sale":true,"show_vendor":false,"article_align_content":"text-center","article_show_date":false,"variant_option_design2":"color","product_colors":"red: #FF6961,\nyellow: #FDDA76,\nblack: #000000,\nblack band: #000000,\nblue: #8DB4D2,\ngreen: #C1E1C1,\npurple: #B19CD9,\nsilver: #EEEEEF,\nwhite: #FFFFFF,\nbrown: #836953,\nlight brown: #B5651D,\ndark turquoise: #23cddc,\norange: #FFB347,\ntan: #E9D1BF,\nviolet: #B490B0,\npink: #FFD1DC,\ngrey: #E0E0E0,\nsky: #96BDC6,\npale leaf: #CCD4BF,\nlight blue: #b1c5d4,\ndark grey: #aca69f,\nbeige: #EBE6DB,\nbeige band: #EED9C4,\ndark blue: #063e66,\ncream: #F1F2E2,\nlight pink: #FBCFCD,\nmint: #bedce3,\ndark gray: #3A3B3C,\nrosy brown: #c4a287,\nlight grey:#D3D3D3,\ncopper: #B87333,\nrose gold: #ECC5C0,\nnight blue: #151B54,\ncoral: #FF7F50,\nlight purple: #C6AEC7,\nivy green: #5b7763,\ncamel: #C19A6B,\nsand: #f2d2a9,\npale grey: #878785,\nlead: #6c6b6c","filter_color1":"gingham","filter_color2":"flannel","filter_color3":"floral","sale_badge_color_scheme":"badge-sale","social_twitter_link":"","social_facebook_link":"https:\/\/facebook.com\/facebook","social_pinterest_link":"","social_instagram_link":"https:\/\/instagram.com\/instagram","social_snapchat_link":"https:\/\/snapchat.com\/snapchat","social_tiktok_link":"https:\/\/tiktok.com\/snapchat","enable_cart_drawer":true,"cart_drawer_show_accelerated_button":false,"discount_code_enable":true,"cart_estimate_shipping":false,"cart_drawer_trust_badge":"shopify:\/\/shop_images\/urwaypayment.png","enable_predictive_search":false,"popular_search_queries":"","wishlist_page":"wish","product_compare_page":"product-compare","cookie_design_mode":false,"custom_css":"body .m-product-tag--new {\n  background-color: #64BF99;\n}\nbody .m-product-tag--sale {\n  background-color: #DA3F3F;\n}\n\n.sf__font-normal {\n  font-weight: 400;\n}\nbody .m-footer--block .social-media-links {\n  gap: 12px;\n  margin: 0;\n  padding: 5px 0;\n  flex-wrap: wrap;\n}\n\nbody .m-footer--block .social-media-links a {\n  color: #222;\n  width: 48px;\n  height: 48px;\n  padding: 0;\n  display: inline-flex;\n  align-items: center;\n  justify-content: center;\n  border-radius: 50%;\n  background-color: #E9E9E9;\n  transition: all .3s;\n}\n\nbody .m-footer--block .social-media-links a:hover {\n  background-color: #222;\n  color: #fff;\n  box-shadow: 0 0 0 0.2rem #222;\n}\n\n.m-footer--block-newsletter .m-newsletter-form--bordered .m-newsletter-form__input,\n.m-footer--block-newsletter .m-newsletter-form--bordered .m-newsletter-form__button--icon {\n  background-color: #fff;\n}\n\n@media (min-width: 1536px) {\n  body .m-footer--block-newsletter .m-footer--block-title {\n    font-size: 42px;\n  }\n}","sale_popup_collection":"sale","size_chart":"size-guide","color_schemes":{"default":{"settings":{"background":"#ffffff","background_secondary":"#f5f5f5","background_gradient":"","text":"#222222","subtext":"#666666","heading_text":"#222222","button":"#000000","button_label":"#ffffff","outline_button_label":"#000000","button_hover":"#222222","button_text_hover":"#ffffff","price_sale":"#e84e4e","price_regular":"#000000","form_field":"#f2f2f2","form_field_label":"#000000","tooltip":"#222222","tooltip_label":"#ffffff","border":"#eeeeee"}},"dark":{"settings":{"background":"#000000","background_secondary":"#f5f5f5","background_gradient":"","text":"#ffffff","subtext":"#c9c9c9","heading_text":"#ffffff","button":"#ffffff","button_label":"#222222","outline_button_label":"#ffffff","button_hover":"#ffffff","button_text_hover":"#222222","price_sale":"#e84e4e","price_regular":"#ffffff","form_field":"#ffffff","form_field_label":"#222222","tooltip":"#ffffff","tooltip_label":"#222222","border":"#4b4b4b"}},"footer":{"settings":{"background":"#f5f5f5","background_secondary":"#f5f5f5","background_gradient":"","text":"#000000","subtext":"#666666","heading_text":"#222222","button":"#222222","button_label":"#ffffff","outline_button_label":"#222222","button_hover":"#222222","button_text_hover":"#ffffff","price_sale":"#e84e4e","price_regular":"#000000","form_field":"#ffffff","form_field_label":"#000000","tooltip":"#222222","tooltip_label":"#ffffff","border":"#dedede"}},"badge-hot":{"settings":{"background":"#9a84c8","background_secondary":"#f5f5f5","background_gradient":"","text":"#ffffff","subtext":"#ffffff","heading_text":"#ffffff","button":"#ffffff","button_label":"#222222","outline_button_label":"#ffffff","button_hover":"#ffffff","button_text_hover":"#222222","price_sale":"#ffffff","price_regular":"#ffffff","form_field":"#ffffff","form_field_label":"#000000","tooltip":"#ffffff","tooltip_label":"#222222","border":"#dedede"}},"badge-new":{"settings":{"background":"#98d8ca","background_secondary":"#f5f5f5","background_gradient":"","text":"#ffffff","subtext":"#ffffff","heading_text":"#ffffff","button":"#ffffff","button_label":"#222222","outline_button_label":"#ffffff","button_hover":"#ffffff","button_text_hover":"#222222","price_sale":"#ffffff","price_regular":"#ffffff","form_field":"#ffffff","form_field_label":"#000000","tooltip":"#ffffff","tooltip_label":"#222222","border":"#dedede"}},"badge-sale":{"settings":{"background":"#da3f3f","background_secondary":"#f5f5f5","background_gradient":"","text":"#ffffff","subtext":"#ffffff","heading_text":"#ffffff","button":"#ffffff","button_label":"#222222","outline_button_label":"#ffffff","button_hover":"#ffffff","button_text_hover":"#222222","price_sale":"#ffffff","price_regular":"#ffffff","form_field":"#ffffff","form_field_label":"#000000","tooltip":"#ffffff","tooltip_label":"#222222","border":"#dedede"}},"scheme-0118093a-0b8d-4ab5-a91e-41bcc6119449":{"settings":{"background":"#000000","background_secondary":"#f5f5f5","background_gradient":"","text":"#ffffff","subtext":"#455f78","heading_text":"#455f78","button":"#000000","button_label":"#ffffff","outline_button_label":"#000000","button_hover":"#222222","button_text_hover":"#ffffff","price_sale":"#e84e4e","price_regular":"#000000","form_field":"#f2f2f2","form_field_label":"#000000","tooltip":"#222222","tooltip_label":"#ffffff","border":"#eeeeee"}}},"sections":{"whatsapp":{"type":"whatsapp","settings":{"show_whatsapp":true,"whatsapp_number":"+966507217761","whatsapp_msg":"هلا، كيف الدفع؟"}}},"content_for_index":[]}}