{"sections":{"main":{"type":"blog-template","blocks":{"d3edb8bc-04ea-4ca1-90c7-408677484928":{"type":"categories","settings":{"title":"التصنيفات","list_blog":""}},"261dcbb3-347b-4fc0-bdb9-897faf531886":{"type":"recent_post","settings":{"title":"آخر المقالات","sidebar_recent_blog_name":"mix-and-match","sidebar_recent_blog_count":"3","blog_show_tags":true,"blog_show_author":false,"blog_show_date":false,"show_excerpt":false,"truncate_excerpt":false,"truncate":"15","truncate_last_symbols":"..."}},"c1f05653-bae3-4ede-96e8-9b0c3b4d2d9a":{"type":"tags","settings":{"title":"الوسوم"}}},"block_order":["d3edb8bc-04ea-4ca1-90c7-408677484928","261dcbb3-347b-4fc0-bdb9-897faf531886","c1f05653-bae3-4ede-96e8-9b0c3b4d2d9a"],"settings":{"container":"container-fluid","show_sidebar":false,"layout":"right_column","view":"grid","blog_list":12,"show_item_per_row":4}}},"order":["main"]}