{"sections":{"main":{"type":"cart-template","settings":{}},"recent-viewed-products":{"type":"recent-viewed-products","settings":{"container":"container","color_scheme":"","heading":"منتجات تم عرضها مؤخرا","heading_size":"h3","text_align":"center","limit":4,"columns":4,"column_gap":30,"pcard_layout":"","pcard_image_ratio":"1\/1","show_vendor":false,"hide_title":false,"enable_slider":true,"show_pagination":false,"show_navigation":false,"mobile_disable_slider":false,"use_scroll_mobile":true,"item_gap_mobile":16,"padding_top":20,"padding_bottom":0,"custom_class":"","animations":"inherit"}}},"order":["main","recent-viewed-products"]}