{"sections":{"collection-header":{"type":"collection-page-header","settings":{"color_scheme":"dark","container":"container","layout":"inside","header_height":"small","enable_parallax":false,"text_alignment":"center","vertical_alignment":"center","text_color":"inherit","upper_title":false,"show_desc":true,"collection_all_desc":"","enable_bg_zoom_effect":true}},"main":{"type":"main-collection-product-grid","blocks":{"26ef6509-772d-4c44-bd90-efc089bd9355":{"type":"filter","settings":{"design_filtergroup":"button","title":"المقاس","filtergroup":"XS,S,M,L,XL","show_label":false,"use_accordion":false,"open_filtergroup":true}},"e12de6da-eab8-4abe-967c-06d0d959a18a":{"type":"filter","settings":{"design_filtergroup":"color","title":"الألوان","filtergroup":"Blue, Red, White ,Black ,Pink ,Silver,Purple,Brown,Yellow,Grey,Green,Tan,Violet,Dark Grey,Beige,Light Blue, Dark Blue, Light Grey, Light Pink, Mint, Rose Gold, Night Blue, Copper, Coral, Rosy Brown","show_label":false,"use_accordion":false,"open_filtergroup":true}},"fa31a837-9c99-4c92-8cfe-0527ffbe7b15":{"type":"filter","settings":{"design_filtergroup":"default","title":"الأسعار","filtergroup":"$0-$50,$50-$100,$100-$150,$150-$200,$200-$300,$300-$400","show_label":false,"use_accordion":false,"open_filtergroup":true}},"4903963a-90f0-4fe1-be23-ee4f8749e483":{"type":"filter","settings":{"design_filtergroup":"inrow","title":"العلامات التجارية","filtergroup":"Minimog,Retrolie,Abby,Brook,Learts,Vagabond","show_label":false,"use_accordion":false,"open_filtergroup":true}},"00b3badd-1613-4230-85d8-f87f04306aaa":{"type":"filter","settings":{"design_filtergroup":"inrow","title":"الوسوم","filtergroup":"Dress,Tops,Shirts,Fashion,Hats,Sandal,Belt,Bags,Snacker,Denim,Minimog,Vagabond,Sunglasses, Beachwear,Vintage","show_label":false,"use_accordion":true,"open_filtergroup":true}}},"block_order":["26ef6509-772d-4c44-bd90-efc089bd9355","e12de6da-eab8-4abe-967c-06d0d959a18a","fa31a837-9c99-4c92-8cfe-0527ffbe7b15","4903963a-90f0-4fe1-be23-ee4f8749e483","00b3badd-1613-4230-85d8-f87f04306aaa"],"settings":{"container":"container-fluid","grid_layout":"grid","grid_columns":"5","show_columns_switcher":true,"pagination_limit":10,"paginate_type":"paginate","show_sorting":true,"show_filter":false,"filters_type":"tags_filter","sidebar":"leftColumn","sidebar_title":"الفلاتر","limit_height_widget":false,"limit_height":300,"change_product_variant_on_fitlering":true,"show_product_count":true,"collapsed_groups":"Brand, Vendor, Size","color_swatches":"color,colour,couleur,farbe"}},"recent-viewed":{"type":"recent-viewed-products","disabled":true,"settings":{"container":"container","color_scheme":"","heading":"المنتجات المعروضة مؤخرا","heading_size":"h3","text_align":"left","limit":8,"columns":4,"column_gap":30,"pcard_layout":"","pcard_image_ratio":"","show_vendor":false,"hide_title":false,"enable_slider":true,"show_pagination":false,"show_navigation":false,"mobile_disable_slider":false,"use_scroll_mobile":true,"item_gap_mobile":16,"padding_top":50,"padding_bottom":0,"custom_class":"","animations":"inherit"}},"icon_box_VXymWK":{"type":"icon-box","blocks":{"iconbox_Gt9Nin":{"type":"iconbox","settings":{"image":"shopify:\/\/shop_images\/icon-collection-1_a563af06-5972-4206-9060-7581996a5be4.png","image_by_url":"","title":"شحن مجاني سريع","description":"<p>نحو جميع دول العالم<\/p>","link":"","button_label":"","button_link":"","button_style":"m-button--link","button_size":""}},"iconbox_hLDgbG":{"type":"iconbox","settings":{"image":"shopify:\/\/shop_images\/icon-collection-4_b5cc45ab-2891-4603-a951-65634c19efba.png","image_by_url":"","title":"إدفع بأمان","description":"<p>جميع بينات الدفع مؤمنة<\/p>","link":"","button_label":"","button_link":"","button_style":"m-button--link","button_size":""}},"iconbox_jCU4Yn":{"type":"iconbox","settings":{"image":"shopify:\/\/shop_images\/icon-collection-2_6ae069d2-ffc9-47e9-af86-3182b2a2833a.png","image_by_url":"","title":"دعم فني متواصل","description":"<p>24 ساعة في اليوم \/ الأسبوع<\/p>","link":"","button_label":"","button_link":"","button_style":"m-button--link","button_size":""}}},"block_order":["iconbox_Gt9Nin","iconbox_hLDgbG","iconbox_jCU4Yn"],"settings":{"heading":"وُعودنا لك","heading_size":"h3","subheading":"","description":"","header_alignment":"center","container":"container-fluid","color_scheme":"default","item_per_row":3,"item_gap":30,"item_gap_mobile":10,"card_color_scheme":"","card_style":"horizontal","image_max_width":"70px","content_alignment":"center","hover_effect":"scaling-up","enable_slider":false,"show_pagination":false,"show_navigation":false,"use_scroll_mobile":true,"use_grid_column_mb":false,"padding_top":30,"padding_bottom":50,"custom_class":"","animations":"inherit"}}},"order":["collection-header","main","recent-viewed","icon_box_VXymWK"]}