{"sections":{"bbd67a50-4d8a-46ad-94d1-2c3754645182":{"type":"custom-code","disabled":true,"settings":{"custom_css":".m-header__desktop {\n  padding-top: 20px;\n  padding-bottom: 20px;\n}\n.m-header__desktop .m-header__search {\n  border: 0;\n}\n.m-header__desktop .m-header__search button,\n.m-header__desktop .m-header__search span {\n  padding-left: 0;\n}\nbody .m-product-card .m-product-card__price .m-price { \n  font-weight: 400; \n}\n.m-richtext__subtitle {\n  font-weight: 500;\n}\n.sf-custom--collection-banner .m-image-card--button-fixed .m-button--fixed {\n  border-color: #E7E7E7;\n  padding-top: 16px;\n  padding-bottom: 20px;\n}\n.font-semibold { \n  font-weight: 600; \n}\n.sf-home__iconbox {\n  border-top: 1px solid #eee;\n}\n.sf-home__iconbox .m-icon-box__content h3 {\n  font-size: 18px;\n  line-height: 26px;\n  font-weight: 500;\n  margin-bottom: 2px;\n}\n.m-collection-list--no-wrap .m-collection-card__link {\n  line-height: 1.4;\n  font-weight: 400;\n}\n.m-collection-list--no-wrap .m-collection-card__info {\n  display: flex;\n  justify-content: space-between;\n}\n.m-collection-list--no-wrap .m-collection-card__product-count {\n  align-self: center;\n  flex-shrink: 0;\n  padding-left: 10px;\n}\n@media (min-width: 768px) {\n  .sf-image-with-text--main .m-richtext__title {\n    font-size: 48px;\n  }\n  .sf-image-with-text--main .m-image-with-text__content {\n    padding-left: 30px;\n  }\n  .m-lookbook-slider .m-product-card__content{\n    text-align: center;\n  }\n  .m-collection-list--no-wrap .m-slider-controls {\n    margin-top: 40px;\n  }\n  body .m-lookbook-slider .m-product-option {\n    justify-content: center;\n  }\n}\n\n@media (min-width: 1024px) {\n  .m-collection-list--no-wrap .m-collection-card__info h3 a {\n    font-size: 24px;\n  }\n}\n\n@media (min-width: 1280px) {\n  .sf-image-with-text--main .m-richtext__title {\n    font-size: 64px;\n  }\n  .sf-image-with-text--main .m-image-with-text__content {\n    padding-left: 60px;\n  }\n  .m-richtext__subtitle {\n    font-size: 20px;\n  }\n  .m-collection-list--no-wrap .m-slider-controls {\n    margin-top: 60px;\n  }\n}\n\n@media (min-width: 1536px) {\n  .sf-image-with-text--main .m-richtext__title {\n    font-size: 80px;\n  }\n  .sf-image-with-text--main .m-image-with-text__content {\n    padding-left: 100px;\n  }\n}\n\n@media (max-width: 767px) {\n  .sf-brand-list--home m-brand-list {\n    padding-bottom: 20px;\n  }\n  .sf-custom--collection-banner .image-card--button-fixed .m-button--fixed {\n    justify-content: center;\n    gap: 10px;\n    border: 0;\n  }\n}"}},"6b785156-4974-46cc-85a6-5c2010b31c48":{"type":"image-with-text","settings":{"heading":"","heading_size":"h3","subheading":"","container":"container","color_scheme":"","item_gap":0,"item_gap_mobile":30,"image":"shopify:\/\/shop_images\/main.jpg","link":"","layout":"right","image_column_size":"6","hover_effect":true,"title":"تألقي بمثالية","sub_title":"وصلت حديثــا","text":"<p>ها هي فرصتك لترقية خزانة ملابسك بمجموعة متنوعة<\/p><p>من الأنماط والمقاسات الأنثوية والمريحة.<\/p>","text_size":"large","content_alignment":"left","button_label":"تسوقي الآن","button_link":"shopify:\/\/collections\/hijab-2","button_style":"m-button--link","button_size":"","padding_top":20,"padding_bottom":0,"custom_class":"sf-image-with-text--main section__flush-top","animations":"inherit"}},"db64d226-d9cb-4d0e-a195-bfc9021e4b21":{"type":"featured-collection","settings":{"heading":"موديلات جديدة","heading_size":"h3","subheading":"","description":"","header_alignment":"center","color_scheme":"","container":"container","collection":"hijab-1","enable_flashsale":false,"show_countdown":false,"product_to_show":8,"items_per_row":4,"item_gap":30,"pcard_layout":"2","pcard_image_ratio":"","show_vendor":false,"hide_title":false,"enable_slider":false,"show_pagination":false,"show_navigation":false,"button_type":"link","button_text":"عرض المزيد","button_style":"m-button--link","button_size":"","infinite_load":false,"max_page_load":3,"mobile_disable_slider":false,"use_scroll_mobile":true,"item_gap_mobile":16,"padding_top":100,"padding_bottom":0,"custom_class":"","animations":"inherit"}},"3f722446-57c8-4ad8-9344-18a9d92275a6":{"type":"custom-content","blocks":{"e084c779-a5f8-42a6-8db7-10fb764b204f":{"type":"image_card","settings":{"width":"50%","color_scheme":"","content_position":"bottom_center","content_alignment":"center","text_size":"medium","text_color":"black","image":"shopify:\/\/shop_images\/dem2.jpg","link":"shopify:\/\/collections\/hijab-2","title":"","subtitle":"","button_label":"إكتشفي المجموعة","button_style":"m-button--white","button_size":"","button_fixed":false,"use_content_above":false,"block_custom_class":"","animations":"inherit"}},"5965aa9e-ebca-4b6b-b83c-86171e74214a":{"type":"image_card","settings":{"width":"50%","color_scheme":"","content_position":"bottom_center","content_alignment":"center","text_size":"medium","text_color":"black","image":"shopify:\/\/shop_images\/dem1.jpg","link":"shopify:\/\/collections\/hijab-2","title":"","subtitle":"","button_label":"إكتشفي المجموعة","button_style":"m-button--white","button_size":"","button_fixed":false,"use_content_above":false,"block_custom_class":"","animations":"inherit"}}},"block_order":["e084c779-a5f8-42a6-8db7-10fb764b204f","5965aa9e-ebca-4b6b-b83c-86171e74214a"],"settings":{"heading":"","heading_size":"h3","subheading":"","description":"","header_alignment":"center","container":"container","color_scheme":"","gap":30,"use_scroll_mobile":false,"gap_mobile":16,"padding_top":100,"padding_bottom":0,"custom_class":"sf-custom--collection-banner"}},"b82fb5c1-200f-499a-9461-51d21ccc2b24":{"type":"collection-list","blocks":{"template--16048659792131__b82fb5c1-200f-499a-9461-51d21ccc2b24-167841620695c4f86e-0":{"type":"collection_block","settings":{"collection":"hijab-1","title":"حجاب جيرسي","item_image":"shopify:\/\/shop_images\/sdd4.jpg"}},"template--16048659792131__b82fb5c1-200f-499a-9461-51d21ccc2b24-167841620695c4f86e-2":{"type":"collection_block","settings":{"collection":"hijab-2","title":"حجاب ملاند","item_image":"shopify:\/\/shop_images\/qsddf.jpg"}},"template--16048659792131__b82fb5c1-200f-499a-9461-51d21ccc2b24-167841620695c4f86e-1":{"type":"collection_block","settings":{"collection":"hijab-1","title":"حجاب كريب","item_image":"shopify:\/\/shop_images\/sd4.jpg"}},"collection_block_B6ynTQ":{"type":"collection_block","settings":{"collection":"hijab-2","title":"حجاب ملاند","item_image":"shopify:\/\/shop_images\/qsddf.jpg"}}},"block_order":["template--16048659792131__b82fb5c1-200f-499a-9461-51d21ccc2b24-167841620695c4f86e-0","template--16048659792131__b82fb5c1-200f-499a-9461-51d21ccc2b24-167841620695c4f86e-2","template--16048659792131__b82fb5c1-200f-499a-9461-51d21ccc2b24-167841620695c4f86e-1","collection_block_B6ynTQ"],"settings":{"heading":"المجموعات الأكثر مبيعاََ","heading_size":"h3","subheading":"تألقي بمثالية","description":"","header_alignment":"center","color_scheme":"","container":"container","layout":"grid","expanded":false,"card_style":"standard","text_alignment":"left","hover_effect":"scaling-down","show_product_count":true,"count_inline_title":true,"image_rounded":false,"items_per_row":3,"item_gap":30,"enable_slider":true,"show_pagination":true,"show_navigation":true,"autorotate":false,"autorotate_speed":5,"mobile_disable_slider":false,"use_scroll_mobile":true,"mobile_gap":10,"hidden_slide_control_mobile":false,"padding_top":100,"padding_bottom":0,"custom_class":"m-collection-list--no-wrap","animations":"inherit"}},"be41f684-2b48-46f6-8074-b843366f3707":{"type":"featured-collection","settings":{"heading":"إكسسوارات رائجة","heading_size":"h3","subheading":"","description":"","header_alignment":"center","color_scheme":"","container":"container","collection":"hijab-1","enable_flashsale":false,"show_countdown":false,"product_to_show":4,"items_per_row":4,"item_gap":30,"pcard_layout":"5","pcard_image_ratio":"","show_vendor":false,"hide_title":false,"enable_slider":false,"show_pagination":false,"show_navigation":false,"button_type":"link","button_text":"تسوقي الآن","button_style":"m-button--secondary","button_size":"","infinite_load":false,"max_page_load":3,"mobile_disable_slider":false,"use_scroll_mobile":true,"item_gap_mobile":16,"padding_top":100,"padding_bottom":0,"custom_class":"","animations":"inherit"}},"e27c015c-9abe-480c-a685-fe65151b9ca3":{"type":"lookbook","blocks":{"3e9aeb28-ac22-4dbb-a123-2aff0f82381e":{"type":"lookbook-slider","settings":{"color_scheme":"","sub_title":"","title":"إختيارنا لـــكِ","text":"","content_alignment":"center","text_color":"black","image":"shopify:\/\/shop_images\/weqsar_1_copy.jpg","button_style":"light","color_scheme_hovered":"","top_1":34,"left_1":36,"product_1":"modal-hijab-bay-leaf","top_2":58,"left_2":47,"product_2":"modal-hijab-bay-leaf","top_3":84,"left_3":40,"product_3":"modal-hijab-buttercream","top_4":92,"left_4":90,"product_4":"modal-hijab-earth","top_5":20,"left_5":0,"product_5":"","product_per_view":"1","show_pagination":true,"show_navigation":true,"pcard_layout":"","pcard_image_ratio":"","show_vendor":false,"hide_title":false}}},"block_order":["3e9aeb28-ac22-4dbb-a123-2aff0f82381e"],"custom_css":[],"settings":{"heading":"","heading_size":"h3","subheading":"","description":"","header_alignment":"center","container":"container","color_scheme":"","image_aspect_ratio":"original","padding_top":100,"padding_bottom":0,"custom_class":"","animations":"inherit"}},"aa42791c-b95f-40dd-a10c-efef61318e73":{"type":"featured-collection","settings":{"heading":"إكتشفي الأكثر طلباََ","heading_size":"h3","subheading":"","description":"","header_alignment":"center","color_scheme":"","container":"container","collection":"hijab-2","enable_flashsale":false,"show_countdown":false,"product_to_show":4,"items_per_row":4,"item_gap":30,"pcard_layout":"","pcard_image_ratio":"","show_vendor":false,"hide_title":false,"enable_slider":false,"show_pagination":false,"show_navigation":false,"button_type":"link","button_text":"عرض الجميع","button_style":"m-button--secondary","button_size":"","infinite_load":false,"max_page_load":3,"mobile_disable_slider":false,"use_scroll_mobile":true,"item_gap_mobile":16,"padding_top":100,"padding_bottom":100,"custom_class":"","animations":"inherit"}},"16225125199f82d8fe":{"type":"icon-box","blocks":{"16225125199f82d8fe-0":{"type":"iconbox","settings":{"image":"shopify:\/\/shop_images\/icon-collection-1.png","image_by_url":"","title":"شحن مجاني","description":"<p>نحو جميع دول العالم<\/p>","link":"","button_label":"","button_link":"","button_style":"sf__btn-link","button_size":""}},"16225125199f82d8fe-1":{"type":"iconbox","settings":{"image":"shopify:\/\/shop_images\/icon-collection-3.png","image_by_url":"","title":"إسترجاع سلس","description":"<p>يمكنك استرجاع المنتج<\/p>","link":"","button_label":"","button_link":"","button_style":"sf__btn-link","button_size":""}},"16225125199f82d8fe-2":{"type":"iconbox","settings":{"image":"shopify:\/\/shop_images\/icon-collection-2.png","image_by_url":"","title":"دعم فني متواصل","description":"<p>24 ساعة في اليوم \/ الأسبوع<\/p>","link":"","button_label":"","button_link":"","button_style":"sf__btn-link","button_size":""}},"71deafbb-3baf-443a-a087-3f7b8af7b9fa":{"type":"iconbox","settings":{"image":"shopify:\/\/shop_images\/icon-collection-4.png","image_by_url":"","title":"إدفع بأمان","description":"<p>جميع بينات الدفع مؤمنة<\/p>","link":"","button_label":"","button_link":"","button_style":"sf__btn-link","button_size":""}}},"block_order":["16225125199f82d8fe-0","16225125199f82d8fe-1","16225125199f82d8fe-2","71deafbb-3baf-443a-a087-3f7b8af7b9fa"],"settings":{"heading":"","heading_size":"h3","subheading":"","description":"","header_alignment":"center","container":"container-fluid","color_scheme":"","item_per_row":4,"item_gap":30,"item_gap_mobile":10,"card_color_scheme":"","card_style":"horizontal","image_max_width":"60px","content_alignment":"start","hover_effect":"none","enable_slider":false,"show_pagination":true,"show_navigation":true,"use_scroll_mobile":true,"use_grid_column_mb":false,"padding_top":46,"padding_bottom":46,"custom_class":"sf-home__iconbox","animations":"inherit"}}},"order":["bbd67a50-4d8a-46ad-94d1-2c3754645182","6b785156-4974-46cc-85a6-5c2010b31c48","db64d226-d9cb-4d0e-a195-bfc9021e4b21","3f722446-57c8-4ad8-9344-18a9d92275a6","b82fb5c1-200f-499a-9461-51d21ccc2b24","be41f684-2b48-46f6-8074-b843366f3707","e27c015c-9abe-480c-a685-fe65151b9ca3","aa42791c-b95f-40dd-a10c-efef61318e73","16225125199f82d8fe"]}