{"sections":{"main":{"type":"page-about-us","settings":{}},"custom-content":{"type":"custom-content","blocks":{"be5d2488-3c71-471f-bb75-dbccb6970cb0":{"type":"image","settings":{"image":"shopify:\/\/shop_images\/xx.jpg","link":"","width":"100%","alignment":"center","block_custom_class":"","animations":"inherit"}},"f5e88f1f-ff68-4d03-b686-0cb9fe62fab1":{"type":"text","settings":{"title":"<h4 class=\"about__block-heading\">لقد تم توليد هذا النص من مولد النص العربى<br> حيث يمكنك أن تولد مثل هذا النص.\n<\/h4>","subheading":"","text":"","width":"100%","alignment":"center","align_text":"center","text_size":"medium","text_color":"black","button_label":"","button_link":"","button_style":"m-button--primary","button_size":"","block_custom_class":"sf__about-block sf__about-block-text sf__about-block-text-1","animations":"inherit"}},"4e1fb14f-ef60-4693-b6a2-2b26063e1b70":{"type":"image","settings":{"image":"shopify:\/\/shop_images\/a4.jpg","link":"","width":"50%","alignment":"end","block_custom_class":"","animations":"inherit"}},"9a3a8077-de29-4141-9162-b9484d4a85f8":{"type":"html","settings":{"code":"<div class=\"sf__about-custom-list\">\n  <h3>فخورون بتواجدك معنا<\/h3>\n  <ul>\n    <li>\n      <span><img src=\"https:\/\/cdn.shopify.com\/s\/files\/1\/0561\/2742\/2636\/files\/icon1.svg?v=1627616411\"><\/span>\n      <div class=\"rte\">\n          <h4>جودة عالية<\/h4>\n          <p class=\"text-color-subtext\">لقد تم توليد هذا النص من مولد النص العربى<br> حيث يمكنك أن تولد مثل هذا النص.<\/p>\n      <\/div>\n    <\/li>\n    <li>\n      <span><img src=\"https:\/\/cdn.shopify.com\/s\/files\/1\/0561\/2742\/2636\/files\/icon2_daf1b6c2-ef2e-416c-ae6a-a7ddd145b6c5.svg?v=1627616411\"><\/span>\n      <div class=\"rte\">\n          <h4>لأننا اللأفضل<\/h4>\n          <p class=\"text-color-subtext\">لقد تم توليد هذا النص من مولد النص العربى<br> حيث يمكنك أن تولد مثل هذا النص.<\/p>\n      <\/div>\n    <\/li>\n    <li>\n      <span><img src=\"https:\/\/cdn.shopify.com\/s\/files\/1\/0561\/2742\/2636\/files\/icon3.svg?v=1627616411\"><\/span>\n      <div class=\"rte\">\n          <h4>أول ثيم شوبيفاي عربي<\/h4>\n          <p class=\"text-color-subtext\">لقد تم توليد هذا النص من مولد النص العربى<br> حيث يمكنك أن تولد مثل هذا النص.<\/p>\n      <\/div>\n    <\/li>\n  <\/ul>\n<\/div>","width":"50%","block_custom_class":"sf__about-custom-html","animations":"inherit"}},"28e3ce35-e364-43f3-ba87-18b633233063":{"type":"text","settings":{"title":"<h4 class=\"about__block-heading\">هذا النص هو مثال لنص يمكن أن يستبدل في نفس المساحة<br> لقد تم توليد هذا النص من مولد النص العربى.<\/h4>","subheading":"","text":"","width":"100%","alignment":"center","align_text":"center","text_size":"medium","text_color":"black","button_label":"","button_link":"","button_style":"m-button--primary","button_size":"","block_custom_class":"sf__about-block sf__about-block-text sf__about-block-text-2","animations":"inherit"}},"c6a8b57f-c54c-43f1-9771-9ea5d88a2f36":{"type":"text","settings":{"title":"فريقنا الرائع","subheading":"","text":"","width":"100%","alignment":"center","align_text":"center","text_size":"medium","text_color":"black","button_label":"","button_link":"","button_style":"m-button--primary","button_size":"","block_custom_class":"sf__about-custom-heading","animations":"inherit"}},"859f4ef2-676f-4587-9ae8-3a19ffa439dd":{"type":"image_card","settings":{"width":"33%","color_scheme":"","content_position":"bottom_left","content_alignment":"left","text_size":"medium","text_color":"black","image":"shopify:\/\/shop_images\/mb1_8c45846d-fbcb-44b0-8410-06adc5b9b30a.jpg","mobile_image":"shopify:\/\/shop_images\/mb1_8c45846d-fbcb-44b0-8410-06adc5b9b30a.jpg","link":"","title":"علي مروة","subtitle":"<span class=\"text-color-subtext\">رئيس الإدارة<\/span>","button_label":"","button_style":"m-button--primary","button_size":"","button_fixed":false,"use_content_above":false,"block_custom_class":"sf__about-card-custom","animations":"inherit"}},"dc4597e9-ca80-4d0f-9e30-ff28c96dd3aa":{"type":"image_card","settings":{"width":"33%","color_scheme":"","content_position":"bottom_left","content_alignment":"left","text_size":"medium","text_color":"black","image":"shopify:\/\/shop_images\/mb1_8c45846d-fbcb-44b0-8410-06adc5b9b30a.jpg","mobile_image":"shopify:\/\/shop_images\/mb1_8c45846d-fbcb-44b0-8410-06adc5b9b30a.jpg","link":"","title":"روزانا شيفا","subtitle":"<span class=\"text-color-subtext\">التسويق<\/span>","button_label":"","button_style":"m-button--primary","button_size":"","button_fixed":false,"use_content_above":false,"block_custom_class":"sf__about-card-custom","animations":"inherit"}},"a1a4a67f-c83f-4629-a006-e44f56c80bf5":{"type":"image_card","settings":{"width":"33%","color_scheme":"","content_position":"bottom_left","content_alignment":"left","text_size":"medium","text_color":"black","image":"shopify:\/\/shop_images\/mb1_8c45846d-fbcb-44b0-8410-06adc5b9b30a.jpg","mobile_image":"shopify:\/\/shop_images\/mb1_8c45846d-fbcb-44b0-8410-06adc5b9b30a.jpg","link":"","title":"خديجة السلوكي","subtitle":"<span class=\"text-color-subtext\">دعم فني<\/span>","button_label":"","button_style":"m-button--primary","button_size":"","button_fixed":false,"use_content_above":false,"block_custom_class":"sf__about-card-custom","animations":"inherit"}}},"block_order":["be5d2488-3c71-471f-bb75-dbccb6970cb0","f5e88f1f-ff68-4d03-b686-0cb9fe62fab1","4e1fb14f-ef60-4693-b6a2-2b26063e1b70","9a3a8077-de29-4141-9162-b9484d4a85f8","28e3ce35-e364-43f3-ba87-18b633233063","c6a8b57f-c54c-43f1-9771-9ea5d88a2f36","859f4ef2-676f-4587-9ae8-3a19ffa439dd","dc4597e9-ca80-4d0f-9e30-ff28c96dd3aa","a1a4a67f-c83f-4629-a006-e44f56c80bf5"],"settings":{"heading":"","heading_size":"h3","subheading":"","description":"","header_alignment":"center","container":"container","color_scheme":"","gap":30,"use_scroll_mobile":false,"gap_mobile":16,"padding_top":0,"padding_bottom":0,"custom_class":"m-about-page"}},"icon_box_FFCtYE":{"type":"icon-box","blocks":{"iconbox_gan4Vk":{"type":"iconbox","settings":{"image":"shopify:\/\/shop_images\/icon-1.png","image_by_url":"","title":"شحن مجاني سريع","description":"<p>نحو جميع دول العالم<\/p>","link":"","button_label":"","button_link":"","button_style":"m-button--link","button_size":""}},"iconbox_HCYm9i":{"type":"iconbox","settings":{"image":"shopify:\/\/shop_images\/icon-2.png","image_by_url":"","title":"إدفع بأمان","description":"<p>جميع بينات الدفع مؤمنة<\/p>","link":"","button_label":"","button_link":"","button_style":"m-button--link","button_size":""}},"iconbox_BUmPe7":{"type":"iconbox","settings":{"image":"shopify:\/\/shop_images\/icon-3.png","image_by_url":"","title":"دعم فني متواصل","description":"<p>24 ساعة في اليوم \/ الأسبوع<\/p>","link":"","button_label":"","button_link":"","button_style":"m-button--link","button_size":""}}},"block_order":["iconbox_gan4Vk","iconbox_HCYm9i","iconbox_BUmPe7"],"settings":{"heading":"","heading_size":"h3","subheading":"","description":"","header_alignment":"center","container":"container-fluid","color_scheme":"","item_per_row":3,"item_gap":30,"item_gap_mobile":10,"card_color_scheme":"","card_style":"vertical","image_max_width":"70px","content_alignment":"center","hover_effect":"scaling-up","enable_slider":false,"show_pagination":false,"show_navigation":false,"use_scroll_mobile":true,"use_grid_column_mb":false,"padding_top":100,"padding_bottom":0,"custom_class":"","animations":"inherit"}}},"order":["main","custom-content","icon_box_FFCtYE"]}