{"sections":{"main":{"type":"page-contact","settings":{"container":"container"}},"maps":{"type":"maps","disabled":true,"settings":{"container":"container","color_scheme":"","map_height":"large","textx":"24.774265","texty":"46.738586","zoom":"11","text2":"الرياض","content_position":"middle-left","text_alignment":"left","use_content_in_container":false,"animations":"inherit","custom_class":""}},"contact-form":{"type":"contact-form","blocks":{"text-block-1":{"type":"textblock","settings":{"title":"العنوان","content":"<p>الرياض، المملكة العربية السعودية<\/p>"}},"text-block-2":{"type":"textblock","settings":{"title":"معلومات التواصل","content":"<p>123 123 123 966+<\/p><p>hello@domain.com<\/p>"}},"text-block-3":{"type":"socialmedia","settings":{"title":"وسائل التواصل"}},"text-block-4":{"type":"textblock","settings":{"title":"أوقات العمل","content":"<p>متجرنا مفتوح على مدار الأسبوع<br\/>كل يوم من 11 صباحا حتى 7 مساءا<\/p>"}}},"block_order":["text-block-1","text-block-2","text-block-3","text-block-4"],"settings":{"container":"container","title":"سنكون سعداء بتواصلك معنا.","description":"<p>إذا كانت لديك منتجات رائعة تصنعها أو تتطلع إلى العمل معنا، فاتصل بنا.<\/p>","show_name":true,"show_phone":false,"show_signup_email":true,"animations":"inherit"}}},"order":["main","maps","contact-form"]}