{"layout":"password","sections":{"main":{"type":"password-template","settings":{"bg_color":"#f5f1ed","show_logo":false,"logo_max_width":"175","t1":"سيتم إفتتاح المتجر قريبا","t2":"العلامات التجارية الناجحة تحتاج لبعض الوقت قبل الإفتتاح الكامل دوما.","show_n":true,"n_t1":"اشترك في نشرتنا الإخبارية","n_t2":"أدخل البريد الإلكتروني","show_p":true,"p_t1":"أدخل كلمة المرور للوصول إلى الموقع","p_t2":"كلمة المرور","f_t1":"Enfitah 2024. All Rights Reserved &copy; I Enfitah.com"}}},"order":["main"]}