{"sections":{"d880451e-1d96-4f33-80f8-fffa1f3ffaa1":{"type":"custom-code","settings":{"custom_css":".sf__index-custom-content {\n    background-image: url(\"https:\/\/cdn.shopify.com\/s\/files\/1\/0595\/7291\/2305\/files\/bg-4.jpg?v=1631937503\");\n    background-size: cover;\n    background-position: bottom center;\n    background-repeat: no-repeat;\n}\n\n.sf__index-custom-content .m-section__header {\n    margin-bottom: 100px;\n}\n.sf__index-custom-content .sf-custom__grid {\n    padding-bottom: 10%;\n}\n.sf__index-custom-content ul.sf__custom-list li {\n    display: grid;\n    grid-template-columns: 48px auto;\n    grid-gap: 40px;\n    margin-bottom: 50px;\n}\n.sf__index-custom-content ul.sf__custom-list li:last-child {\n    margin-bottom: 0;\n}\n.sf__index-custom-content ul.sf__custom-list .content_box h3 {\n    font-size: 24px;\n    line-height: 1.5;\n    margin-bottom: 10px;\n}\n.sf__index-custom-content ul.sf__custom-list .content_box p {\n    color: rgb(var(--color-foreground-secondary));\n}\n@media (min-width: 1280px) {\n  .sf__index-custom-content .m-section__heading {\n    font-size: 48px;\n  }\n}\n@media (min-width: 1921px) {\n    .sf__index-custom-content {\n        background-position: top;\n    }\n}\n\n@media (max-width: 767px) {\n    .sf__index-custom-content {\n        background-image: none;\n    }\n    .sf__index-custom-content .m-section__header {\n        margin-bottom: 30px;\n    }\n    .sf__index-custom-content ul.sf__custom-list .content_box h3 {\n        font-size: 18px;\n        margin-bottom: 5px;\n    }\n    .sf__index-custom-content .sf-custom__grid {\n        padding-bottom: 0;\n    }\n    .sf__index-custom-content ul.sf__custom-list li {\n        grid-template-columns: 30px auto;\n        grid-gap: 20px;\n        margin-bottom: 30px;\n    }\n}"}},"1634180644dff29e33":{"type":"breadcrumb","settings":{"container":"container","text_alignment":"center","hide_current":false,"hide_on_mb":false,"animations":"inherit"}},"main":{"type":"main-product","blocks":{"title":{"type":"title","settings":{}},"price":{"type":"price","settings":{"show_saving":false,"sale_badge_type":"percentage"}},"a7c33681-2e92-4afe-af6c-09be8f611b30":{"type":"short_description","settings":{}},"1bfc8830-45fe-4840-b192-262d4a0ed107":{"type":"visitors","settings":{"live_views_text":"{count_number} شخصا يشاهدون هذا المنتج الآن","live_views_range":"20-30","live_view_duration":"10","live_view_icon_blinks":true}},"variant_picker":{"type":"variant_picker","settings":{"size_title":"Size"}},"buy_buttons":{"type":"buy_buttons","settings":{"show_quantity_selector":true,"show_atc_button":true,"show_dynamic_checkout":false,"show_gift_card_recipient":true}},"addons":{"type":"addons","settings":{"show_atcp":true,"show_ask_a_question":true,"show_social":true}},"98eecea7-1e9e-46dd-8fc4-b00c7702dbda":{"type":"shipping","settings":{"show_delivery_times":true,"deliver_text":"التوصيل: '","deliver_days":"7","date_format":"%b %d","show_shipping_text":true,"shipping_text":"<p><strong>شحن مجاني: <\/strong>لجميع الطلبات<\/p>"}},"95858a21-0a8c-42d1-be95-cd4f1797f5fc":{"type":"trust_badge","settings":{"trust_badges_text":"<p>إدفع بأمان<\/p>","trust_badges_image_width":"320px","position":"below"}}},"block_order":["title","price","a7c33681-2e92-4afe-af6c-09be8f611b30","1bfc8830-45fe-4840-b192-262d4a0ed107","variant_picker","buy_buttons","addons","98eecea7-1e9e-46dd-8fc4-b00c7702dbda","95858a21-0a8c-42d1-be95-cd4f1797f5fc"],"settings":{"container":"container","layout":"layout-4","show_atwl":true,"enable_history_state":true,"enable_variant_group_images":false,"disable_selected_variant_default":false,"show_featured_media":true,"show_zoom_button":true,"enable_video_autoplay":false,"show_nav_media_mobile":false,"show_pagination_mobile":true,"use_sticky_atc":true,"use_sticky_atc_on_mobile":true,"enable_dynamic_checkout":false,"sticky_atc_wishtlist":false,"sticky_atc_compare":false}},"product-details-tabs":{"type":"product-details-tabs","blocks":{"description":{"type":"description","settings":{"header":"الوصف"}},"tab":{"type":"tab","settings":{"header":"الشحن والإرجاع","content":"<p>تكلفة الشحن تعتمد على الوزن. ما عليك سوى إضافة المنتجات إلى سلة التسوق الخاصة بك واستخدام حاسبة الشحن لمعرفة سعر الشحن. نريد أن تكون راضيًا بنسبة 100% عن مشترياتك. يمكن إرجاع العناصر أو استبدالها خلال 30 يومًا من التسليم.<\/p>","content_page":""}},"reviews_K9jyQ3":{"type":"reviews","settings":{"header":"المراجعات","container":"container","custom_liquid":""}}},"block_order":["description","tab","reviews_K9jyQ3"],"settings":{"container":"container","color_scheme":"","default_open":true,"padding_top":0,"padding_bottom":0,"custom_class":"","animations":"inherit"}},"163193713276a3d718":{"type":"apps","settings":{"heading":"","heading_size":"h3","subheading":"","header_alignment":"center","container":"container","background_color":"","padding_top":0,"padding_bottom":0,"custom_class":""}},"product-recommendations":{"type":"product-recommendations","settings":{"container":"container","color_scheme":"","remove_params":false,"heading":"قد يعجبك أيضا","heading_size":"h3","text_align":"left","limit":8,"columns":4,"column_gap":30,"enable_slider":true,"use_scroll_mobile":true,"padding_top":80,"padding_bottom":0,"custom_class":"","animations":"inherit"}},"recent-viewed-products":{"type":"recent-viewed-products","settings":{"container":"container","color_scheme":"","heading":"منتجات معروضة مؤخرا","heading_size":"h3","text_align":"left","limit":8,"columns":4,"column_gap":30,"pcard_layout":"","pcard_image_ratio":"","show_vendor":false,"hide_title":false,"enable_slider":true,"show_pagination":false,"show_navigation":false,"mobile_disable_slider":false,"use_scroll_mobile":true,"item_gap_mobile":16,"padding_top":50,"padding_bottom":20,"custom_class":"","animations":"inherit"}}},"order":["d880451e-1d96-4f33-80f8-fffa1f3ffaa1","1634180644dff29e33","main","product-details-tabs","163193713276a3d718","product-recommendations","recent-viewed-products"]}