{"sections":{"aa1ffe58-248f-44be-845e-2880e9989dde":{"type":"custom-code","settings":{"custom_css":".sf__custom__with_image .m-custom-content__wrapper {\n  display: flex;\n  align-items: center;\n}\n.sf__custom__with_image .sf__custom-header {\n  line-height: 1.16;\n}\n.sf__custom__with_image .prod__description {\n  color: rgb(var(--color-foreground-secondary));\n  line-height: 1.625;\n}\n.sf__custom__with_image h6 {\n  font-size: 24px;\n}\n.sf__custom__with_image .img_box {\n  flex: 0 0 48px;\n}\n.sf__custom-section-collapse .sf__custom-collapse h2 {\n  line-height: 1.16;\n  margin-bottom: 30px;\n}\n.sf__custom-section-collapse .sf__tab-item input:checked+.sf__tab-item-label {\n  border-bottom-color: #DDDDDD;\n}\n.sf__custom-section-collapse .sf__tab-item-label {\n  border-bottom-color: #DDDDDD;\n  font-size: 1.25rem;\n  font-weight: 600;\n  line-height: 1.6;\n  padding: 6px 0;\n}\n.sf__custom-section-collapse .sf__tab-item-label::before {\n  right: 5.5px;\n}\n.sf__custom-section-collapse .sf__custom-collapse .prod__description {\n  color: rgb(var(--color-foreground-secondary));\n  line-height: 2.25;\n}\n.sf__custom-section-collapse .sf__tab-item {\n  margin-bottom: 30px;\n}\n@media (min-width: 768px) {\n  .sf__custom-left .m-custom-content__block-inner {\n    padding-right: 5rem;\n  }\n  .sf__custom-right .m-custom-content__block-inner {\n    padding-left: 5rem;\n  }\n  .sf__custom-collapse .m-custom-content__block-inner {\n    padding: 3.125rem;\n    max-width: 546px;\n    max-height: 600px;\noverflow: scroll;\n  }\n  .sf__custom-section-collapse {\n    position: relative;\n  }\n  .sf__custom-collapse .m-custom-content__block-inner {\n    position: absolute;\n    top: 100px;\n    right: 250px;\n    background-color: #ffffff;\n    border-radius:1.25rem;\n  }\n}\n@media (min-width: 1280px) {\n  .sf__custom__with_image .sf__custom-header {\n    font-size: 48px;\n  }\n}"}},"163418101120bbaa64":{"type":"breadcrumb","settings":{"container":"container","text_alignment":"center","hide_current":false,"hide_on_mb":false,"animations":"inherit"}},"main":{"type":"main-product","blocks":{"title":{"type":"title","settings":{}},"price":{"type":"price","settings":{"show_saving":false,"sale_badge_type":"percentage"}},"a4f7df4b-4ebd-4a72-bb51-1985ecf2bef8":{"type":"foxkit_countdown_timer","settings":{}},"a7c33681-2e92-4afe-af6c-09be8f611b30":{"type":"short_description","settings":{}},"variant_picker":{"type":"variant_picker","settings":{"size_title":"Size"}},"buy_buttons":{"type":"buy_buttons","settings":{"show_quantity_selector":true,"show_atc_button":true,"show_dynamic_checkout":false,"show_gift_card_recipient":true}},"addons":{"type":"addons","settings":{"show_atcp":true,"show_ask_a_question":true,"show_social":true}},"8d14dba6-9d11-41a4-ba50-95d3edca5c0c":{"type":"foxkit_stock_countdown","disabled":true,"settings":{}},"52e8c641-6529-4e4d-96e6-45d3815a7f84":{"type":"shipping","settings":{"show_delivery_times":true,"deliver_text":"Estimated Delivery:","deliver_days":"7","date_format":"%b %d","show_shipping_text":true,"shipping_text":"<p><strong>Free Shipping & Returns: <\/strong>On all orders over $75<\/p>"}}},"block_order":["title","price","a4f7df4b-4ebd-4a72-bb51-1985ecf2bef8","a7c33681-2e92-4afe-af6c-09be8f611b30","variant_picker","buy_buttons","addons","8d14dba6-9d11-41a4-ba50-95d3edca5c0c","52e8c641-6529-4e4d-96e6-45d3815a7f84"],"settings":{"container":"container","layout":"layout-6","show_atwl":false,"enable_history_state":true,"enable_variant_group_images":false,"disable_selected_variant_default":false,"show_featured_media":true,"show_zoom_button":true,"enable_video_autoplay":false,"show_nav_media_mobile":false,"show_pagination_mobile":true,"use_sticky_atc":true,"use_sticky_atc_on_mobile":true,"enable_dynamic_checkout":false,"sticky_atc_wishtlist":true,"sticky_atc_compare":true}},"product-details-tabs":{"type":"product-details-tabs","blocks":{"description":{"type":"description","settings":{"header":"وصف المنتج"}},"tab":{"type":"tab","settings":{"header":"الشحن والإسترجاع","content":"<p>تكلفة الشحن تعتمد على الوزن. ما عليك سوى إضافة المنتجات إلى سلة التسوق الخاصة بك واستخدام حاسبة الشحن لمعرفة سعر الشحن. نريد أن تكون راضيًا بنسبة 100% عن مشترياتك. يمكن إرجاع العناصر أو استبدالها خلال 30 يومًا من التسليم.<\/p>","content_page":""}},"reviews_CTFkFf":{"type":"reviews","settings":{"header":"المراجعات","container":"container","custom_liquid":""}}},"block_order":["description","tab","reviews_CTFkFf"],"settings":{"container":"container","color_scheme":"","default_open":true,"padding_top":0,"padding_bottom":0,"custom_class":"","animations":"inherit"}},"163221161150addf60":{"type":"product-recommendations","settings":{"container":"container","color_scheme":"","remove_params":false,"heading":"قد يعجبك أيضا","heading_size":"h3","text_align":"left","limit":8,"columns":4,"column_gap":30,"enable_slider":true,"use_scroll_mobile":true,"padding_top":80,"padding_bottom":0,"custom_class":"","animations":"inherit"}},"16322116198620330d":{"type":"recent-viewed-products","settings":{"container":"container","color_scheme":"","heading":"منتجات معروضة مؤخرا","heading_size":"h3","text_align":"left","limit":8,"columns":4,"column_gap":30,"pcard_layout":"","pcard_image_ratio":"","show_vendor":false,"hide_title":false,"enable_slider":true,"show_pagination":false,"show_navigation":false,"mobile_disable_slider":false,"use_scroll_mobile":true,"item_gap_mobile":16,"padding_top":50,"padding_bottom":20,"custom_class":"","animations":"inherit"}}},"order":["aa1ffe58-248f-44be-845e-2880e9989dde","163418101120bbaa64","main","product-details-tabs","163221161150addf60","16322116198620330d"]}