{"sections":{"breadcrumb":{"type":"breadcrumb","settings":{"container":"container","text_alignment":"center","hide_current":false,"hide_on_mb":false,"animations":"inherit"}},"main":{"type":"main-product","blocks":{"title":{"type":"title","settings":{}},"price":{"type":"price","settings":{"show_saving":false,"sale_badge_type":"percentage"}},"custom_liquid_wUfttd":{"type":"custom_liquid","settings":{"custom_liquid":"<div>\n                                                \n    \n        <tamara-widget class=\"tamara-product-widget\" type=\"tamara-summary\" inline-type=\"2\" uuid=\"a1d00cae-c5f8-44f1-960a-e91bd30ed0e3\" amount=\"259\"><\/tamara-widget>\n\n    <script defer=\"\" src=\"https:\/\/cdn.tamara.co\/widget-v2\/tamara-widget.js\"><\/script>\n    <script>\n        window.tamaraWidgetConfig = {\n            lang: 'ar',\n            country: 'SA',\n            publicKey: '8ad7feff-4e3e-4bdd-a8df-a51e7d30981b',\n                css: `\n                    .tamara-product-widget {\n                        @all: unset !important;\n                    }\n                    .tamara-summary-widget__amount {\n                        font-weight: 600 !important;\n                    }\n                    .tamara-summary-widget__container {\n                        font-family: inherit !important;\n                        justify-content: space-between !important;\n                    }\n                `\n        };\n\n        function initTamaraWidget() {\n            window.loadTamaraProductWidget({\n                price: 280,\n                sale_price:  259 ,\n                lang: 'ar',\n                country: 'SA'\n            });\n        }\n\n        document.addEventListener('DOMContentLoaded', initTamaraWidget);\n    <\/script>\n\n    <script defer=\"\" src=\"\/js\/product_tamara_attribute_listener.js\"><\/script>\n    \n\n        \n\n            <div class=\"tabby-product-widget\" style=\"margin-top: 15px\" data-currency=\"SAR\" data-lang=\"ar\"><div><\/div><div class=\"styles__tabbySnippet--c10e5\"><span class=\"styles__containerPortal--c9f84\"><\/span><\/div><\/div>\n\n        <script type=\"text\/javascript\" src=\"https:\/\/checkout.tabby.ai\/tabby-promo.js\"><\/script>\n        <script type=\"text\/javascript\" src=\"\/js\/product_tabby_attribute_listener.js?v=1.0.04\"><\/script>\n        <script>\n            if (window.TabbyPromo) {\n                window.TabbyPromo = new TabbyPromo({\n                    selector: '.tabby-product-widget',\n                    currency: 'SAR',\n                    lang: 'ar',\n                    price:  259 ,\n                    installmentsCount: 4 ,\n                    source: 'product'\n                });\n            }\n        <\/script>\n    \n\n                                <\/div>"}},"variant_picker":{"type":"variant_picker","settings":{"size_title":"Size"}},"buy_buttons":{"type":"buy_buttons","settings":{"show_quantity_selector":true,"show_atc_button":true,"show_dynamic_checkout":true,"show_gift_card_recipient":true}},"visitors_HipkBT":{"type":"visitors","disabled":true,"settings":{"live_views_text":"{count_number} شخصا يشاهدون هذا المنتج الآن","live_views_range":"20-30","live_view_duration":"10","live_view_icon_blinks":true}},"image_mnnQnL":{"type":"image","disabled":true,"settings":{"image":"shopify:\/\/shop_images\/urwaypayment.png","image_link":"","image_width":60,"image_alignment":"center"}},"text_mWbT6k":{"type":"text","disabled":true,"settings":{"text":"أسرعي! الكمية محدودة.","text_style":"uppercase"}},"addons":{"type":"addons","settings":{"show_atcp":true,"show_ask_a_question":true,"show_social":true}},"custom_field_efCwm6":{"type":"custom_field","settings":{"title":"ملاحظة:","field_type":"text","field_options":"","field_placeholder":"","field_required":false,"show_at_checkout":true}},"shipping_ezE9VQ":{"type":"shipping","settings":{"show_delivery_times":true,"deliver_text":"التوصيل: '","deliver_days":"7","date_format":"%b %d","show_shipping_text":true,"shipping_text":"<p><strong>شحن مجاني: <\/strong>على جميع الطلبات<\/p>"}},"complementary_4xffpU":{"type":"complementary","disabled":true,"settings":{"block_heading":"يتماشى بشكل رائع مع","make_collapsible_row":true,"product_list_limit":10,"products_per_page":2,"pcard_image_ratio":"1\/1","enable_variant_options":false,"enable_quick_view":false,"enable_quick_add":false,"enable_compare":false,"enable_wishlist":false}}},"block_order":["title","price","custom_liquid_wUfttd","variant_picker","buy_buttons","visitors_HipkBT","image_mnnQnL","text_mWbT6k","addons","custom_field_efCwm6","shipping_ezE9VQ","complementary_4xffpU"],"settings":{"container":"container","layout":"layout-4","show_atwl":true,"enable_history_state":true,"enable_variant_group_images":false,"disable_selected_variant_default":false,"show_featured_media":true,"show_zoom_button":true,"enable_video_autoplay":false,"show_nav_media_mobile":false,"show_pagination_mobile":true,"use_sticky_atc":true,"use_sticky_atc_on_mobile":true,"enable_dynamic_checkout":true,"sticky_atc_wishtlist":false,"sticky_atc_compare":false}},"product-details-tabs":{"type":"product-details-tabs","blocks":{"description":{"type":"description","settings":{"header":"الوصف"}},"tab":{"type":"tab","settings":{"header":"الشحن","content":"<p>هذا النص هو مثال لنص يمكن أن يستبدل في نفس المساحة، لقد تم توليد هذا النص من مولد النص العربى، حيث يمكنك أن تولد مثل هذا النص أو العديد من النصوص الأخرى إضافة إلى زيادة عدد الحروف التى يولدها التطبيق.<\/p><p>إذا كنت تحتاج إلى عدد أكبر من الفقرات.<\/p>","content_page":""}},"reviews_JPnYMw":{"type":"reviews","settings":{"header":"المراجعات","container":"container","custom_liquid":""}}},"block_order":["description","tab","reviews_JPnYMw"],"settings":{"container":"container","color_scheme":"","default_open":true,"padding_top":0,"padding_bottom":0,"custom_class":"","animations":"inherit"}},"17379825865a7b6aa8":{"type":"apps","disabled":true,"settings":{"heading":"","heading_size":"h3","subheading":"","header_alignment":"center","container":"container","background_color":"","padding_top":0,"padding_bottom":0,"custom_class":""}},"product-recommendations":{"type":"product-recommendations","settings":{"container":"container","color_scheme":"","remove_params":false,"heading":"قد يعجبك أيضا","heading_size":"h3","text_align":"center","limit":8,"columns":4,"column_gap":30,"enable_slider":true,"use_scroll_mobile":true,"padding_top":80,"padding_bottom":0,"custom_class":"","animations":"inherit"}},"recent-viewed-products":{"type":"recent-viewed-products","settings":{"container":"container","color_scheme":"","heading":"منتجات معروضة مؤخرا","heading_size":"h3","text_align":"center","limit":8,"columns":4,"column_gap":30,"pcard_layout":"","pcard_image_ratio":"1\/1","show_vendor":false,"hide_title":false,"enable_slider":true,"show_pagination":false,"show_navigation":false,"mobile_disable_slider":false,"use_scroll_mobile":true,"item_gap_mobile":16,"padding_top":50,"padding_bottom":0,"custom_class":"","animations":"inherit"}}},"order":["breadcrumb","main","product-details-tabs","17379825865a7b6aa8","product-recommendations","recent-viewed-products"]}