{"sections":{"8ead94b7-1d54-4b75-8fc3-c14d73e40c40":{"type":"custom-code","settings":{"custom_css":".sf__custom__with_image .m-custom-content__wrapper {\n  display: flex;\n  align-items: center;\n}\n.sf__custom__with_image .sf__custom-header {\n  line-height: 1.16;\n}\n.sf__custom__with_image .prod__description {\n  color: rgb(var(--color-foreground-secondary));\n  line-height: 1.625;\n}\n.sf__custom-section-collapse .sf__custom-collapse h2 {\n  line-height: 1.16;\n  margin-bottom: 30px;\n}\n.sf__custom__with_image h6 {\n  font-size: 24px;\n}\n.sf__custom__with_image .img_box {\n  flex: 0 0 48px;\n}\n.sf__custom-section-collapse .sf__tab-item input:checked+.sf__tab-item-label {\n  border-bottom-color: #DDDDDD;\n}\n.sf__custom-section-collapse .sf__tab-item-label {\n  border-bottom-color: #DDDDDD;\n  font-size: 1.25rem;\n  font-weight: 600;\n  line-height: 1.6;\n  padding: 6px 0;\n}\n.sf__custom-section-collapse .sf__tab-item-label::before {\n  right: 5.5px;\n}\n.sf__custom-section-collapse .sf__custom-collapse .prod__description {\n  color: rgb(var(--color-foreground-secondary));\n  line-height: 2.25;\n}\n.sf__custom-section-collapse .sf__tab-item {\n  margin-bottom: 30px;\n}\n@media (min-width: 768px) {\n  .sf__custom-left .m-custom-content__block-inner {\n    padding-right: 5rem;\n  }\n  .sf__custom-right .m-custom-content__block-inner {\n    padding-left: 5rem;\n  }\n  .sf__custom-collapse .m-custom-content__block-inner {\n    padding: 3.125rem;\n    max-width: 546px;\n    max-height: 600px;\n    overflow: scroll;\n  }\n  .sf__custom-section-collapse {\n    position: relative;\n  }\n  .sf__custom-collapse .m-custom-content__block-inner {\n    position: absolute;\n    top: 100px;\n    right: 250px;\n    background-color: #ffffff;\n    border-radius:1.25rem;\n  }\n}\n@media (min-width: 1280px) {\n  .sf__custom__with_image .sf__custom-header {\n    font-size: 48px;\n  }\n}"}},"1634180978b4c2d04e":{"type":"breadcrumb","settings":{"container":"container","text_alignment":"center","hide_current":false,"hide_on_mb":false,"animations":"inherit"}},"main":{"type":"main-product","blocks":{"title":{"type":"title","settings":{}},"price":{"type":"price","settings":{"show_saving":false,"sale_badge_type":"percentage"}},"a7c33681-2e92-4afe-af6c-09be8f611b30":{"type":"short_description","settings":{}},"variant_picker":{"type":"variant_picker","settings":{"size_title":"Size"}},"buy_buttons":{"type":"buy_buttons","settings":{"show_quantity_selector":true,"show_atc_button":true,"show_dynamic_checkout":false,"show_gift_card_recipient":true}},"addons":{"type":"addons","settings":{"show_atcp":true,"show_ask_a_question":true,"show_social":true}},"d92bbb2d-782d-4da9-9ec5-1d63c016c34d":{"type":"foxkit_stock_countdown","disabled":true,"settings":{}}},"block_order":["title","price","a7c33681-2e92-4afe-af6c-09be8f611b30","variant_picker","buy_buttons","addons","d92bbb2d-782d-4da9-9ec5-1d63c016c34d"],"settings":{"container":"container-fluid","layout":"layout-5","show_atwl":false,"enable_history_state":true,"enable_variant_group_images":false,"disable_selected_variant_default":false,"show_featured_media":true,"show_zoom_button":true,"enable_video_autoplay":false,"show_nav_media_mobile":false,"show_pagination_mobile":true,"use_sticky_atc":true,"use_sticky_atc_on_mobile":true,"enable_dynamic_checkout":false,"sticky_atc_wishtlist":false,"sticky_atc_compare":false}},"product-details-tabs":{"type":"product-details-tabs","blocks":{"description":{"type":"description","settings":{"header":"Product description"}},"tab":{"type":"tab","settings":{"header":"Shipping & Return","content":"<p>Shipping cost is based on weight. Just add products to your cart and use the Shipping Calculator to see the shipping price.<\/p><p>We want you to be 100% satisfied with your purchase. Items can be returned or exchanged within 30 days of delivery.<\/p>","content_page":""}}},"block_order":["description","tab"],"disabled":true,"settings":{"container":"container","color_scheme":"","default_open":true,"padding_top":0,"padding_bottom":0,"custom_class":"","animations":"inherit"}},"163193713276a3d718":{"type":"apps","settings":{"heading":"","heading_size":"h3","subheading":"","header_alignment":"center","container":"container","background_color":"","padding_top":0,"padding_bottom":0,"custom_class":"sf__custom-reviews"}},"1632211714a9cfeba1":{"type":"product-recommendations","settings":{"container":"container","color_scheme":"","remove_params":false,"heading":"قد يعجبك أيضا","heading_size":"h3","text_align":"left","limit":8,"columns":4,"column_gap":30,"enable_slider":true,"use_scroll_mobile":true,"padding_top":80,"padding_bottom":0,"custom_class":"","animations":"inherit"}},"16322117236c87f36b":{"type":"recent-viewed-products","settings":{"container":"container","color_scheme":"","heading":"منتجات معروضة مؤخرا","heading_size":"h3","text_align":"left","limit":8,"columns":4,"column_gap":30,"pcard_layout":"","pcard_image_ratio":"","show_vendor":false,"hide_title":false,"enable_slider":true,"show_pagination":false,"show_navigation":false,"mobile_disable_slider":false,"use_scroll_mobile":true,"item_gap_mobile":16,"padding_top":50,"padding_bottom":20,"custom_class":"","animations":"inherit"}}},"order":["8ead94b7-1d54-4b75-8fc3-c14d73e40c40","1634180978b4c2d04e","main","product-details-tabs","163193713276a3d718","1632211714a9cfeba1","16322117236c87f36b"]}