{"sections":{"7e718e08-9f95-4ef8-ba62-8265bcfb25e8":{"type":"custom-code","settings":{"custom_css":".sf__custom-images .m-section-py {\n  padding-top: 0;\n}\n.sf__custom-text .m-section-py {\n  padding-top: 20px;\n}\n.sf__custom-text .m-section-py .m-section__header {\n  margin-bottom: 0;\n}\n.sf__custom-icon .m-section-py {\n  padding-bottom: 0;\n  padding-top: 0;\n}\n.sf__custom-5-section-collapse .sf__tab-item-label {\n  font-size: 1.5rem;\n  font-weight: normal;\n  line-height: 1.5;\n  border-bottom-color: #cccccc;\n  font-family: 'SF-Heading-font';\n  padding: 0;\n  margin: 1rem 0;\n}\n.sf__custom-5-section-collapse .sf__tab-item-content .text-color-subtext {\n  font-size: 15px;\n  line-height: 1.6;\n  margin-bottom: 1.25rem;\n}\n.sf__custom-5-section-collapse .sf__tabs-custom .sf__tab-item {\n  margin-bottom: 0;\n}\n.sf__custom-5-section-collapse .sf__tab-item-label:before {\n  right: 5px;\n}"}},"16341808481d69045d":{"type":"breadcrumb","settings":{"container":"container","text_alignment":"center","hide_current":false,"hide_on_mb":false,"animations":"inherit"}},"main":{"type":"main-product","blocks":{"price":{"type":"price","settings":{"show_saving":false,"sale_badge_type":"percentage"}},"title":{"type":"title","settings":{}},"a7c33681-2e92-4afe-af6c-09be8f611b30":{"type":"short_description","settings":{}},"ecf54c3f-3da0-4922-8917-196d012654a8":{"type":"foxkit_countdown_timer","settings":{}},"buy_buttons":{"type":"buy_buttons","settings":{"show_quantity_selector":true,"show_atc_button":true,"show_dynamic_checkout":false,"show_gift_card_recipient":true}},"addons":{"type":"addons","settings":{"show_atcp":true,"show_ask_a_question":true,"show_social":true}}},"block_order":["price","title","a7c33681-2e92-4afe-af6c-09be8f611b30","ecf54c3f-3da0-4922-8917-196d012654a8","buy_buttons","addons"],"settings":{"container":"container","layout":"layout-6","show_atwl":false,"enable_history_state":true,"enable_variant_group_images":false,"disable_selected_variant_default":false,"show_featured_media":true,"show_zoom_button":true,"enable_video_autoplay":false,"show_nav_media_mobile":false,"show_pagination_mobile":true,"use_sticky_atc":true,"use_sticky_atc_on_mobile":true,"enable_dynamic_checkout":false,"sticky_atc_wishtlist":false,"sticky_atc_compare":false}},"product-details-tabs":{"type":"product-details-tabs","blocks":{"description":{"type":"description","settings":{"header":"Product description"}},"tab":{"type":"tab","settings":{"header":"Shipping & Return","content":"<p>Shipping cost is based on weight. Just add products to your cart and use the Shipping Calculator to see the shipping price.<\/p><p>We want you to be 100% satisfied with your purchase. Items can be returned or exchanged within 30 days of delivery.<\/p>","content_page":""}}},"block_order":["description","tab"],"disabled":true,"settings":{"container":"container","color_scheme":"","default_open":true,"padding_top":0,"padding_bottom":0,"custom_class":"","animations":"inherit"}},"icon_box_KFDtHU":{"type":"icon-box","blocks":{"iconbox_q8MKwa":{"type":"iconbox","settings":{"image_by_url":"","title":"شحن مجاني سريع","description":"<p>نحو جميع دول العالم<\/p>","link":"","button_label":"","button_link":"","button_style":"m-button--link","button_size":""}},"iconbox_BG94hK":{"type":"iconbox","settings":{"image_by_url":"","title":"إدفع بأمان","description":"<p>جميع بينات الدفع مؤمنة<\/p>","link":"","button_label":"","button_link":"","button_style":"m-button--link","button_size":""}},"iconbox_EyeTpp":{"type":"iconbox","settings":{"image_by_url":"","title":"دعم فني متواصل","description":"<p>24 ساعة في اليوم \/ الأسبوع<\/p>","link":"","button_label":"","button_link":"","button_style":"m-button--link","button_size":""}}},"block_order":["iconbox_q8MKwa","iconbox_BG94hK","iconbox_EyeTpp"],"settings":{"heading":"وُعودنا لك","heading_size":"h3","subheading":"","description":"","header_alignment":"center","container":"container-fluid","color_scheme":"","item_per_row":3,"item_gap":30,"item_gap_mobile":10,"card_color_scheme":"","card_style":"vertical","image_max_width":"70px","content_alignment":"center","hover_effect":"scaling-up","enable_slider":false,"show_pagination":false,"show_navigation":false,"use_scroll_mobile":true,"use_grid_column_mb":false,"padding_top":0,"padding_bottom":0,"custom_class":"","animations":"inherit"}},"product-recommendations":{"type":"product-recommendations","settings":{"container":"container","color_scheme":"","remove_params":false,"heading":"قد يعجبك أيضا","heading_size":"h3","text_align":"left","limit":8,"columns":4,"column_gap":30,"enable_slider":true,"use_scroll_mobile":true,"padding_top":80,"padding_bottom":0,"custom_class":"","animations":"inherit"}},"recent-viewed-products":{"type":"recent-viewed-products","settings":{"container":"container","color_scheme":"","heading":"منتجات معروضة مؤخرا","heading_size":"h3","text_align":"left","limit":8,"columns":4,"column_gap":30,"pcard_layout":"","pcard_image_ratio":"","show_vendor":false,"hide_title":false,"enable_slider":true,"show_pagination":false,"show_navigation":false,"mobile_disable_slider":false,"use_scroll_mobile":true,"item_gap_mobile":16,"padding_top":50,"padding_bottom":20,"custom_class":"","animations":"inherit"}}},"order":["7e718e08-9f95-4ef8-ba62-8265bcfb25e8","16341808481d69045d","main","product-details-tabs","icon_box_KFDtHU","product-recommendations","recent-viewed-products"]}