{"type":"footer","name":"Footer","sections":{"footer":{"type":"footer","blocks":{"7b0bf4c6-3873-4222-b8d6-ce009e710078":{"type":"newsletter","settings":{"title":"إبقى على تواصل معنا","description":"اشترك في نشرتنا الإخبارية واحصل على خصم 10%","email_placeholder":"البريد الإلكتروني","form_style":"bordered","show_social":false,"show_agree_checkbox":false,"width":"33%","order_first":true,"open_default":true}},"12ba5a79-51a6-413a-9802-6add59615034":{"type":"spacing","settings":{"width":"16%"}},"7ebc2f78-975b-4a81-b874-103c3355a866":{"type":"menu","settings":{"menu":"footer","title":"خدمة العملاء","width":"25%","order_first":false,"open_default":false}},"49e72833-c68f-4a7b-ab64-3ef0cae99bcb":{"type":"menu","settings":{"menu":"customer-account-main-menu","title":"السياسات","width":"25%","order_first":false,"open_default":false}},"93571032-b171-4c66-8b3e-96cd91946363":{"type":"our_store","settings":{"title":"تابعنا","description":"<p>يمكنك متابعتنا الآن<\/p>","show_email":false,"show_phone":false,"show_socials_link":true,"width":"25%","order_first":false,"open_default":false}}},"block_order":["7b0bf4c6-3873-4222-b8d6-ce009e710078","12ba5a79-51a6-413a-9802-6add59615034","7ebc2f78-975b-4a81-b874-103c3355a866","49e72833-c68f-4a7b-ab64-3ef0cae99bcb","93571032-b171-4c66-8b3e-96cd91946363"],"settings":{"color_scheme":"","design":"footer-3","container":"container-fluid","bordered":false,"copyright":"متجري، جميع الحقوق محفوظة","show_country_selector":false,"show_currency_selector":false,"show_language_selector":false,"show_social_links":false,"enable_follow_on_shop":true,"show_payment_icons":true,"payment_icons_width":300,"footer_bottom_color_scheme":""}},"mobile-sticky-bar":{"type":"mobile-sticky-bar","settings":{"show_mobile_sticky":true,"show_home_icon":true,"show_collection_icon":true,"show_cart_icon":true,"show_search_icon":true,"show_account_icon":false,"show_wishlist_icon":false}},"age-verifier-popup":{"type":"age-verifier-popup","blocks":{"block-1":{"type":"heading","settings":{"heading":"Confirm your age"}},"block-2":{"type":"text","settings":{"text":"<p>Are you 18 years old or older?<\/p>"}},"block-3":{"type":"buttons","settings":{"decline_button":"No, I'm not","approve_button":"Yes, I am"}}},"block_order":["block-1","block-2","block-3"],"settings":{"design_mode":false,"enable":false,"bg_blur":true,"decline_heading":"Come back when you're older","decline_content":"<p>Sorry, the content of this store can't be seen by a younger audience. Come back when you're older.<\/p>","return_button":"Oops, I entered incorrectly"}}},"order":["footer","mobile-sticky-bar","age-verifier-popup"]}