{"type":"header","name":"Header","sections":{"annoucement":{"type":"annoucement","blocks":{"item_DfTQMa":{"type":"item","settings":{"message":"👑 شحن مجاني لجميع الطلبات 👑","message_link":"shopify:\/\/collections\/hijab-2"}},"item_pjapw8":{"type":"item","settings":{"message":"✨ تخفيضات الشتاء السنوية - تسوقي الآن✨","message_link":"shopify:\/\/collections\/hijab-2"}},"item_NzXczK":{"type":"item","settings":{"message":"✅ إسترجاع واستبدال خلال 90 يوم ✅","message_link":"shopify:\/\/collections\/hijab-2"}}},"block_order":["item_DfTQMa","item_pjapw8","item_NzXczK"],"settings":{"container":"container","color_scheme":"scheme-0118093a-0b8d-4ab5-a91e-41bcc6119449","show_announcement":true,"homepage_only":true,"show_close":true,"show_divider":false,"show_nav":false,"autorotate":true,"autorotate_speed":3}},"header":{"type":"header","settings":{"color_scheme":"","color_scheme_menu":"default","header_design":"logo-left-menu-center","container":"container","header_sticky":true,"transparent_on_top":false,"transparent_text_color":"#ffffff","logo_text":"حجابــي","logo":"shopify:\/\/shop_images\/hijaby-01.png","logo_mobile":"shopify:\/\/shop_images\/hijaby-01.png","logo_transparent":"shopify:\/\/shop_images\/hijaby-01.png","logo_svg":"","logo_mobile_svg":"","logo_transparent_svg":"","logo_max_width":70,"sticky_logo_max_width":70,"mobile_logo_max_width":50,"main_menu":"main-menu","secondary_menu":"","mobile_menu":"","uppercase_parent_level":false,"show_menu_column_divider":true,"search":"show_icon","show_account_icon":true,"show_cart_icon":true,"show_wishlist_icon":true,"show_compare_icon":false,"show_currency_switcher":false,"show_country_selector":false,"show_language_switcher":true,"mb_show_currency_switcher":false,"mb_show_country_selector":false,"mb_show_language_switcher":true}}},"order":["annoucement","header"]}